term,df,sumsq,meansq,statistic,p.value
ST_SEQ,1,1088.9999999999986,1088.9999999999986,11.175827490009786,0.0011746086950317105
Residuals,98,9549.360000000002,97.44244897959186,NA,NA
